{"moodle_version":"2020061501","theme_version":"2019112603","alertaccess1":"global","alertbackgroundcolorinfo":"#d9edf7","alertbackgroundcolorsuccess":"#dff0d8","alertbackgroundcolorwarning":"#fcf8e3","alertbordercolorinfo":"#bce8f1","alertbordercolorsuccess":"#d6e9c6","alertbordercolorwarning":"#fbeed5","alertcolorinfo":"#3a87ad","alertcolorsuccess":"#468847","alertcolorwarning":"#8a6d3b","alertcount":"1","alerthiddencourse":"warning","alerticoninfo":"info-circle","alerticonsuccess":"bullhorn","alerticonwarning":"exclamation-triangle","alertkey1":"","alertprofilefield1":"","alerttext1":"","alerttype1":"info","analyticscount":"1","analyticsprofilefield1":"","analyticstext1":"","anonymizega":"1","backcolor":"#FFF","blockbackgroundcolor":"#FFFFFF","blockbordercolor":"#59585D","blockheaderbackgroundcolor":"#FFFFFF","blockheaderborderbottom":"0px","blockheaderborderleft":"0px","blockheaderborderright":"0px","blockheaderbordertop":"1px","blockheaderbordertopstyle":"dashed","blockheaderbottomradius":"0px","blockheadertopradius":"0px","blockicons":"1","blockiconsheadersize":"24px","blocklayoutlayoutrow1":"3-3-3-3","blocklayoutlayoutrow2":"4-4-4-0","blocklayoutlayoutrow3":"3-3-3-3","blocklayoutlayoutrow4":"0-0-0-0","blocklayoutlayoutrow5":"0-0-0-0","blocklayoutlayoutrow6":"0-0-0-0","blocklayoutlayoutrow7":"0-0-0-0","blocklayoutlayoutrow8":"0-0-0-0","blockmainborderbottom":"0px","blockmainborderleft":"0px","blockmainborderright":"0px","blockmainbordertop":"0px","blockmainbordertopstyle":"none","blockmainbottomradius":"0px","blockmaintopradius":"0px","blockregionbackgroundcolor":"transparent","blockside":"0","breadcrumb":"#f5f5f5","breadcrumbdisplay":"breadcrumb","breadcrumbhome":"icon","breadcrumbseparator":"angle-right","breadcrumbtextcolor":"#444444","buttoncolor":"#51666C","buttoncolorcancel":"#ef5350","buttoncolorscnd":"#51666C","buttondropshadow":"0px","buttonhovercolor":"#202442","buttonhovercolorcancel":"#e53935","buttonhovercolorscnd":"#202442","buttonlogincolor":"#ef5350","buttonloginheight":"24px","buttonloginhovercolor":"#e53935","buttonloginmargintop":"2px","buttonloginpadding":"0px","buttonlogintextcolor":"#FFFFFF","buttonradius":"5px","buttontextcolor":"#ffffff","buttontextcolorcancel":"#ffffff","buttontextcolorscnd":"#ffffff","categoryhavecustomheader":"","commonlyusedar":"","coursepageblockactivitybottomenabled":"0","coursepageblocklayoutlayoutbottomrow2":"3-3-3-3","coursepageblocklayoutlayouttoprow1":"3-3-3-3","coursepageblocksenabled":"0","coursepageblocksliderenabled":"0","coursepageheaderhidesitetitle":"0","coursepagesidebarinfooterenabled":"0","coursesectionactivityassignbgcolor":"#FFFFFF","coursesectionactivityassignleftbordercolor":"#0066cc","coursesectionactivitybordercolor":"#eeeeee","coursesectionactivityborderstyle":"dashed","coursesectionactivityborderwidth":"2px","coursesectionactivityforumbgcolor":"#FFFFFF","coursesectionactivityforumleftbordercolor":"#990099","coursesectionactivityfurtherinformationassign":"1","coursesectionactivityfurtherinformationchoice":"1","coursesectionactivityfurtherinformationdata":"1","coursesectionactivityfurtherinformationfeedback":"1","coursesectionactivityfurtherinformationlesson":"1","coursesectionactivityfurtherinformationquiz":"1","coursesectionactivityheadingcolour":"#0066cc","coursesectionactivityiconsize":"24px","coursesectionactivityleftborderwidth":"3px","coursesectionactivitymarginbottom":"2px","coursesectionactivitymargintop":"2px","coursesectionactivityquizbgcolor":"#FFFFFF","coursesectionactivityquizleftbordercolor":"#FF3333","coursesectionactivityuseadaptableicons":"1","coursesectionbgcolor":"#FFFFFF","coursesectionbordercolor":"#e8eaeb","coursesectionborderradius":"0px","coursesectionborderstyle":"solid","coursesectionborderwidth":"1px","coursesectionheaderbg":"#FFFFFF","coursesectionheaderbordercolor":"#F3F3F3","coursesectionheaderborderradiusbottom":"0px","coursesectionheaderborderradiustop":"0px","coursesectionheaderborderstyle":"none","coursesectionheaderborderwidth":"0px","coursetitlemaxwidth":"20","covbkcolor":"#3A454b","covfontcolor":"#ffffff","covhidebutton":"0","currentcolor":"#d2f2ef","customcoursesubtitle":"","customcoursetitle":"","customcss":"#page{\r\nbackground-repeat: no-repeat;\r\n background-attachment: fixed;\r\n}\r\n.block {\r\n background: #ffffff80!important;\r\n}\r\n.block\u003E.header, {\r\n background: #ffffff80;\r\n}\r\n.block\u003E.content {\r\n background: #ffffff80;\r\n}\r\n.ftco-footer {\r\n background: #202442 !important;\r\n}","dangericoncolor":"#d9534f","dashblocklayoutlayoutrow1":"3-3-3-3","dashblocklayoutlayoutrow2":"4-4-4-0","dashblocklayoutlayoutrow3":"3-3-3-3","dashblocklayoutlayoutrow4":"0-0-0-0","dashblocklayoutlayoutrow5":"0-0-0-0","dashblocklayoutlayoutrow6":"0-0-0-0","dashblocklayoutlayoutrow7":"0-0-0-0","dashblocklayoutlayoutrow8":"0-0-0-0","dashblocksenabled":"0","dashblocksposition":"abovecontent","defaultzoom":"wide","disablecustommenu":"","disablemenuscoursepages":"","displayeditingbuttontext":"1","displaygrades":"1","displaylogin":"button","displayparticipants":"1","dividingline":"#ffffff","dividingline2":"#ffffff","editfont":"#ffffff","edithorizontalpadding":"6px","editoffbk":"#f44336","editonbk":"#4caf50","editsettingsbutton":"cogandbutton","editverticalpadding":"4px","emoticonsize":"16px","enablealert1":"","enablealertcoursepages":"","enablealerts":"","enablealertstriptags":"1","enableanalytics":"","enableavailablecourses":"none","enablebadges":"1","enableblog":"","enablecalendar":"1","enablecompetencieslink":"","enablecoursesections":"1","enabledtabbedprofileeditprofilelink":"1","enabledtabbedprofileuserpreferenceslink":"1","enableeditprofile":"1","enableevents":"1","enablefeed":"","enablegrades":"1","enableheading":"fullname","enablehelp1":"","enablehelp2":"","enablehome":"1","enablehomeredirect":"1","enablemenus":"1","enablemy":"1","enablemyhome":"1","enablemysites":"excludehidden","enablemysitesrestriction":"","enablenavbarwhenloggedout":"","enablenote":"","enableposts":"1","enablepref":"1","enableprivatefiles":"1","enableprofile":"1","enablesavecanceloverlay":"1","enableshowhideblocks":"1","enableshowhideblockstext":"1","enabletabbedprofile":"1","enablethiscourse":"1","enableticker":"1","enabletickermy":"1","enabletoolsmenus":"","enablezoom":"1","enablezoomshowtext":"1","favicon":"\/logovirgul___copy_2Ci_icon.ico","fontblockheadercolor":"#3A454b","fontblockheadersize":"22px","fontblockheaderweight":"400","fontcolor":"#333333","fontheadercolor":"#333333","fontheadername":"Roboto","fontheaderweight":"400","fontname":"Open Sans","fontsize":"95%","fontsubset":"","fonttitlecolor":"#ffffff","fonttitlecolorcourse":"#ffffff","fonttitlename":"Roboto Condensed","fonttitlesize":"48px","fonttitleweight":"400","fontweight":"400","footer1content":"","footer1header":"","footer2content":"","footer2header":"","footer3content":"","footer3header":"","footer4content":"","footer4header":"","footerbkcolor":"#424242","footerblocksplacement":"1","footerlayoutrow1":"3-3-3-3","footerlayoutrow2":"0-0-0-0","footerlayoutrow3":"0-0-0-0","footerlinkcolor":"#ffffff","footertextcolor":"#ffffff","footertextcolor2":"#ffffff","footnote":"","forumbodybackgroundcolor":"#ffffff","forumheaderbackgroundcolor":"#ffffff","frontpageblocksenabled":"0","frontpagemarketenabled":"","frontpagemarketoption":"covtiles","frontpagenumbertiles":"3","frontpagerenderer":"2","frontpagerendererdefaultimage":"","fullscreenwidth":"98%","gdprbutton":"none","header2searchbox":"expandable","headerbgimage":"","headerbkcolor":"#202442","headerbkcolor2":"#202442","headerstyle":"style2","headertextcolor":"#ffffff","headertextcolor2":"#ffffff","helplinkscount":"2","helplinktitle1":"","helplinktitle2":"","helpprofilefield1":"","helpprofilefield2":"","helptarget":"_blank","hidefootersocial":"1","hideinforum":"","homebk":"\/background-moodle.jpg","infobox":"","infobox2":"","infoboxfullscreen":"","infoiconcolor":"#5bc0de","introboxbackgroundcolor":"#ffffff","jssection":"","jssectionrestricted":"","jssectionrestricteddashboardonly":"1","jssectionrestrictedprofilefield":"","linkcolor":"#51666C","linkhover":"#202442","loadingcolor":"#202442","loginbgimage":"\/background-moodle.jpg","loginbgopacity":"0.8","loginbgstyle":"cover","loginfooter":"0","loginheader":"1","logintextboxbottom":"","logintextboxtop":"\u003Cdiv style=\u0022margin-left: 30px;\u0022 class=\u0022editor-indent\u0022\u003E\u003Cdiv style=\u0022margin-left: 30px;\u0022 class=\u0022editor-indent\u0022\u003E\u003Cdiv style=\u0022margin-left: 30px;\u0022 class=\u0022editor-indent\u0022\u003E\u003Cdiv style=\u0022margin-left: 30px;\u0022 class=\u0022editor-indent\u0022\u003E\u003Cdiv style=\u0022margin-left: 30px;\u0022 class=\u0022editor-indent\u0022\u003E\u003Cdiv style=\u0022margin-left: 30px;\u0022 class=\u0022editor-indent\u0022\u003E\u003Cdiv style=\u0022margin-left: 30px;\u0022 class=\u0022editor-indent\u0022\u003E\u003Cdiv style=\u0022margin-left: 30px;\u0022 class=\u0022editor-indent\u0022\u003E\u003Cdiv style=\u0022margin-left: 30px;\u0022 class=\u0022editor-indent\u0022\u003E\u003Cstrong\u003E\u0026nbsp;\u0026nbsp;\u0026nbsp;\u0026nbsp;\u0026nbsp;\u0026nbsp;\u0026nbsp;\u0026nbsp;\u0026nbsp;\u0026nbsp; \u0633\u0627\u0645\u0627\u0646\u0647 \u0622\u0645\u0648\u0632\u0634 \u0645\u062c\u0627\u0632\u06cc \u0648\u06cc\u0631\u06af\u0648\u0644\u003C\/strong\u003E\u003Cbr\u003E\u003Cstrong\u003E\u0627\u062f\u0627\u0631\u0647 \u06a9\u0644 \u0622\u0645\u0648\u0632\u0634 \u0648 \u067e\u0631\u0648\u0631\u0634 \u0627\u0633\u062a\u0627\u0646 \u062e\u0631\u0627\u0633\u0627\u0646 \u0631\u0636\u0648\u06cc\u003C\/strong\u003E\u003Cbr\u003E\u003C\/div\u003E\u003C\/div\u003E\u003C\/div\u003E\u003C\/div\u003E\u003C\/div\u003E\u003C\/div\u003E\u003C\/div\u003E\u003C\/div\u003E\u003C\/div\u003E","logo":"\/moodle-header.png","maincolor":"#3A454b","market1":"","market2":"","market3":"","market4":"","marketblockbordercolor":"#e8eaeb","marketblocksbackgroundcolor":"transparent","marketlayoutrow1":"3-3-3-3","marketlayoutrow2":"0-0-0-0","marketlayoutrow3":"0-0-0-0","marketlayoutrow4":"0-0-0-0","marketlayoutrow5":"0-0-0-0","menubkcolor":"#202442","menubordercolor":"#202442","menufontcolor":"#ffffff","menufontpadding":"20px","menufontsize":"14px","menuhovercolor":"#e2e2e2","menuoverrideprofilefield":"topmenusettings","menusession":"1","menusessionttl":"30","menuslinkicon":"fa-link","menuslinkright":"","menuuseroverride":"","messagepopupbackground":"#fff000","messagepopupcolor":"#333333","messagingbackgroundcolor":"#FFFFFF","mobilemenubkcolor":"#F9F9F9","mobileslidebartabbkcolor":"#F9F9F9","mobileslidebartabiconcolor":"#000000","moodledocs":"1","msgbadgecolor":"#E53935","mycoursesmenulimit":"0","mysitesmaxlength":"30","mysitesmenudisplay":"shortcodehover","mysitessortoverride":"off","mysitessortoverridefield":"","navbardisplayicons":"1","navbardisplaysubmenuarrow":"","navbardropdownborderradius":"0px","navbardropdownhovercolor":"#EEE","navbardropdowntextcolor":"#007","navbardropdowntexthovercolor":"#000","navbardropdowntransitiontime":"0.2s","newmenu1":"","newmenu1field":"","newmenu1requirelogin":"","newmenu1title":"Menu 1","newstickercount":"1","p1":"","p1cap":"","p1url":"","p2":"","p2cap":"","p2url":"","p3":"","p3cap":"","p3url":"","pageheaderheight":"58px","piwikenabled":"","piwikimagetrack":"1","piwiksiteid":"1","piwiksiteurl":"","piwiktrackadmin":"","regionmaincolor":"#FFF","rendereroverlaycolor":"#3A454b","rendereroverlayfontcolor":"#FFF","responsivealerts":"d-none d-lg-block","responsivebreadcrumb":"d-none d-md-flex","responsivecoursetitle":"d-none d-lg-block","responsiveheader":"d-none d-lg-block","responsivelogo":"d-none d-lg-block","responsivepagefooter":"d-none d-lg-block","responsivesearchicon":"1","responsivesectionnav":"1","responsiveslider":"d-none d-lg-block","responsivesocial":"d-none d-lg-block","responsivesocialsize":"34px","responsiveticker":"d-none d-lg-block","searchboxpadding":"0px 0px 10px 0px","sectionheadingcolor":"#3A454b","selectionbackground":"#202442","selectiontext":"#FFFFFF","showfooterblocks":"1","showusername":"1","showyourprogress":"none","sidebarnotlogged":"1","sitetitle":"disabled","sitetitlemaxwidth":"50%","sitetitlepadding":"0px 0px 15px 0px","sitetitletext":"","slidercount":"3","sliderenabled":"0","sliderfullscreen":"0","sliderh3color":"#ffffff","sliderh4color":"#ffffff","slidermarginbottom":"20px","slidermargintop":"20px","slideroption2":"slider1","slidersubmitbgcolor":"#51666C","slidersubmitcolor":"#ffffff","socialiconlist":"","socialorsearch":"search","socialpaddingside":"16","socialpaddingtop":"0%","socialsize":"37px","socialtarget":"_self","socialwallactionlinkcolor":"#51666C","socialwallactionlinkhovercolor":"#009688","socialwallbackgroundcolor":"#ffffff","socialwallbordercolor":"#B9B9B9","socialwallbordertopstyle":"solid","socialwallborderwidth":"2px","socialwallsectionradius":"6px","standardscreenwidth":"standard","stickynavbar":"1","tabbedlayoutcoursepage":"0-1","tabbedlayoutcoursepagelink":"","tabbedlayoutcoursepagetabcolorselected":"#06c","tabbedlayoutcoursepagetabcolorunselected":"#eee","tabbedlayoutcoursepagetabpersistencetime":"30","tabbedlayoutdashboard":"0","tabbedlayoutdashboardcolorselected":"#06c","tabbedlayoutdashboardcolorunselected":"#eee","tabbedlayoutdashboardtab1condition":"","tabbedlayoutdashboardtab2condition":"","tickertext1":"","tickertext1profilefield":"","tickerwidth":"","tilesbordercolor":"#3A454b","tilescontactstitle":"1","tilesshowallcontacts":"0","tilesshowcontacts":"1","toolsmenu1":"","toolsmenu1field":"","toolsmenu1title":"Tools","toolsmenuscount":"1","topmenufontsize":"14px","topmenuscount":"1","usernameposition":"left"}